Date,value,value_lag_1,value_lag_2,value_lag_3,value_lag_4,value_lag_5,value_lag_6,value_lag_7
08-05-22,0.0,0.0,0.0,0.29,0.29,0.29,0.29,0.29
09-05-22,0.0,0.0,0.0,0.0,0.29,0.29,0.29,0.29
10-05-22,0.0,0.0,0.0,0.0,0.0,0.29,0.29,0.29
11-05-22,0.0,0.0,0.0,0.0,0.0,0.0,0.29,0.29
12-05-22,0.0,0.0,0.0,0.0,0.0,0.0,0.0,0.29
13-05-22,0.57,0.0,0.0,0.0,0.0,0.0,0.0,0.0
14-05-22,0.57,0.57,0.0,0.0,0.0,0.0,0.0,0.0
15-05-22,0.57,0.57,0.57,0.0,0.0,0.0,0.0,0.0
16-05-22,0.57,0.57,0.57,0.57,0.0,0.0,0.0,0.0
17-05-22,0.57,0.57,0.57,0.57,0.57,0.0,0.0,0.0
18-05-22,0.57,0.57,0.57,0.57,0.57,0.57,0.0,0.0
19-05-22,0.57,0.57,0.57,0.57,0.57,0.57,0.57,0.0
20-05-22,1.71,0.57,0.57,0.57,0.57,0.57,0.57,0.57
21-05-22,1.71,1.71,0.57,0.57,0.57,0.57,0.57,0.57
22-05-22,1.71,1.71,1.71,0.57,0.57,0.57,0.57,0.57
23-05-22,1.71,1.71,1.71,1.71,0.57,0.57,0.57,0.57
24-05-22,1.71,1.71,1.71,1.71,1.71,0.57,0.57,0.57
25-05-22,1.71,1.71,1.71,1.71,1.71,1.71,0.57,0.57
26-05-22,1.71,1.71,1.71,1.71,1.71,1.71,1.71,0.57
27-05-22,0.0,1.71,1.71,1.71,1.71,1.71,1.71,1.71
28-05-22,0.0,0.0,1.71,1.71,1.71,1.71,1.71,1.71
29-05-22,0.0,0.0,0.0,1.71,1.71,1.71,1.71,1.71
30-05-22,0.0,0.0,0.0,0.0,1.71,1.71,1.71,1.71
31-05-22,0.0,0.0,0.0,0.0,0.0,1.71,1.71,1.71
01-06-22,0.0,0.0,0.0,0.0,0.0,0.0,1.71,1.71
02-06-22,0.14,0.0,0.0,0.0,0.0,0.0,0.0,1.71
03-06-22,2.71,0.14,0.0,0.0,0.0,0.0,0.0,0.0
04-06-22,2.71,2.71,0.14,0.0,0.0,0.0,0.0,0.0
05-06-22,2.71,2.71,2.71,0.14,0.0,0.0,0.0,0.0
06-06-22,2.71,2.71,2.71,2.71,0.14,0.0,0.0,0.0
07-06-22,2.71,2.71,2.71,2.71,2.71,0.14,0.0,0.0
08-06-22,2.71,2.71,2.71,2.71,2.71,2.71,0.14,0.0
09-06-22,2.57,2.71,2.71,2.71,2.71,2.71,2.71,0.14
10-06-22,2.14,2.57,2.71,2.71,2.71,2.71,2.71,2.71
11-06-22,2.14,2.14,2.57,2.71,2.71,2.71,2.71,2.71
12-06-22,2.14,2.14,2.14,2.57,2.71,2.71,2.71,2.71
13-06-22,2.14,2.14,2.14,2.14,2.57,2.71,2.71,2.71
14-06-22,2.14,2.14,2.14,2.14,2.14,2.57,2.71,2.71
15-06-22,2.14,2.14,2.14,2.14,2.14,2.14,2.57,2.71
16-06-22,2.14,2.14,2.14,2.14,2.14,2.14,2.14,2.57
17-06-22,14.14,2.14,2.14,2.14,2.14,2.14,2.14,2.14
18-06-22,14.14,14.14,2.14,2.14,2.14,2.14,2.14,2.14
19-06-22,14.14,14.14,14.14,2.14,2.14,2.14,2.14,2.14
20-06-22,14.14,14.14,14.14,14.14,2.14,2.14,2.14,2.14
21-06-22,14.14,14.14,14.14,14.14,14.14,2.14,2.14,2.14
22-06-22,14.14,14.14,14.14,14.14,14.14,14.14,2.14,2.14
23-06-22,14.14,14.14,14.14,14.14,14.14,14.14,14.14,2.14
24-06-22,3.71,14.14,14.14,14.14,14.14,14.14,14.14,14.14
25-06-22,3.71,3.71,14.14,14.14,14.14,14.14,14.14,14.14
26-06-22,3.71,3.71,3.71,14.14,14.14,14.14,14.14,14.14
27-06-22,3.71,3.71,3.71,3.71,14.14,14.14,14.14,14.14
28-06-22,3.71,3.71,3.71,3.71,3.71,14.14,14.14,14.14
29-06-22,3.71,3.71,3.71,3.71,3.71,3.71,14.14,14.14
30-06-22,3.71,3.71,3.71,3.71,3.71,3.71,3.71,14.14
01-07-22,4.29,3.71,3.71,3.71,3.71,3.71,3.71,3.71
02-07-22,4.29,4.29,3.71,3.71,3.71,3.71,3.71,3.71
03-07-22,4.29,4.29,4.29,3.71,3.71,3.71,3.71,3.71
04-07-22,4.29,4.29,4.29,4.29,3.71,3.71,3.71,3.71
05-07-22,4.29,4.29,4.29,4.29,4.29,3.71,3.71,3.71
06-07-22,4.29,4.29,4.29,4.29,4.29,4.29,3.71,3.71
07-07-22,4.29,4.29,4.29,4.29,4.29,4.29,4.29,3.71
08-07-22,3.14,4.29,4.29,4.29,4.29,4.29,4.29,4.29
09-07-22,3.14,3.14,4.29,4.29,4.29,4.29,4.29,4.29
10-07-22,3.14,3.14,3.14,4.29,4.29,4.29,4.29,4.29
11-07-22,3.14,3.14,3.14,3.14,4.29,4.29,4.29,4.29
12-07-22,3.14,3.14,3.14,3.14,3.14,4.29,4.29,4.29
13-07-22,3.14,3.14,3.14,3.14,3.14,3.14,4.29,4.29
14-07-22,3.14,3.14,3.14,3.14,3.14,3.14,3.14,4.29
15-07-22,3.14,3.14,3.14,3.14,3.14,3.14,3.14,3.14
16-07-22,3.14,3.14,3.14,3.14,3.14,3.14,3.14,3.14
17-07-22,3.14,3.14,3.14,3.14,3.14,3.14,3.14,3.14
18-07-22,3.14,3.14,3.14,3.14,3.14,3.14,3.14,3.14
19-07-22,3.14,3.14,3.14,3.14,3.14,3.14,3.14,3.14
20-07-22,3.14,3.14,3.14,3.14,3.14,3.14,3.14,3.14
21-07-22,3.14,3.14,3.14,3.14,3.14,3.14,3.14,3.14
22-07-22,2.29,3.14,3.14,3.14,3.14,3.14,3.14,3.14
23-07-22,2.29,2.29,3.14,3.14,3.14,3.14,3.14,3.14
24-07-22,2.29,2.29,2.29,3.14,3.14,3.14,3.14,3.14
25-07-22,2.29,2.29,2.29,2.29,3.14,3.14,3.14,3.14
26-07-22,2.29,2.29,2.29,2.29,2.29,3.14,3.14,3.14
27-07-22,2.29,2.29,2.29,2.29,2.29,2.29,3.14,3.14
28-07-22,2.29,2.29,2.29,2.29,2.29,2.29,2.29,3.14
29-07-22,5.86,2.29,2.29,2.29,2.29,2.29,2.29,2.29
30-07-22,5.86,5.86,2.29,2.29,2.29,2.29,2.29,2.29
31-07-22,5.86,5.86,5.86,2.29,2.29,2.29,2.29,2.29
01-08-22,6.0,5.86,5.86,5.86,2.29,2.29,2.29,2.29
02-08-22,6.0,6.0,5.86,5.86,5.86,2.29,2.29,2.29
03-08-22,6.0,6.0,6.0,5.86,5.86,5.86,2.29,2.29
04-08-22,6.0,6.0,6.0,6.0,5.86,5.86,5.86,2.29
05-08-22,3.0,6.0,6.0,6.0,6.0,5.86,5.86,5.86
06-08-22,3.0,3.0,6.0,6.0,6.0,6.0,5.86,5.86
07-08-22,3.0,3.0,3.0,6.0,6.0,6.0,6.0,5.86
08-08-22,2.86,3.0,3.0,3.0,6.0,6.0,6.0,6.0
09-08-22,2.86,2.86,3.0,3.0,3.0,6.0,6.0,6.0
10-08-22,3.0,2.86,2.86,3.0,3.0,3.0,6.0,6.0
11-08-22,3.0,3.0,2.86,2.86,3.0,3.0,3.0,6.0
12-08-22,16.14,3.0,3.0,2.86,2.86,3.0,3.0,3.0
13-08-22,16.14,16.14,3.0,3.0,2.86,2.86,3.0,3.0
14-08-22,16.14,16.14,16.14,3.0,3.0,2.86,2.86,3.0
15-08-22,16.14,16.14,16.14,16.14,3.0,3.0,2.86,2.86
16-08-22,16.14,16.14,16.14,16.14,16.14,3.0,3.0,2.86
17-08-22,16.0,16.14,16.14,16.14,16.14,16.14,3.0,3.0
18-08-22,16.0,16.0,16.14,16.14,16.14,16.14,16.14,3.0
19-08-22,4.71,16.0,16.0,16.14,16.14,16.14,16.14,16.14
20-08-22,4.71,4.71,16.0,16.0,16.14,16.14,16.14,16.14
21-08-22,4.71,4.71,4.71,16.0,16.0,16.14,16.14,16.14
22-08-22,4.71,4.71,4.71,4.71,16.0,16.0,16.14,16.14
23-08-22,4.71,4.71,4.71,4.71,4.71,16.0,16.0,16.14
24-08-22,4.71,4.71,4.71,4.71,4.71,4.71,16.0,16.0
25-08-22,4.71,4.71,4.71,4.71,4.71,4.71,4.71,16.0
26-08-22,9.86,4.71,4.71,4.71,4.71,4.71,4.71,4.71
27-08-22,9.86,9.86,4.71,4.71,4.71,4.71,4.71,4.71
28-08-22,9.86,9.86,9.86,4.71,4.71,4.71,4.71,4.71
29-08-22,10.14,9.86,9.86,9.86,4.71,4.71,4.71,4.71
30-08-22,10.14,10.14,9.86,9.86,9.86,4.71,4.71,4.71
31-08-22,10.14,10.14,10.14,9.86,9.86,9.86,4.71,4.71
01-09-22,10.14,10.14,10.14,10.14,9.86,9.86,9.86,4.71
02-09-22,6.57,10.14,10.14,10.14,10.14,9.86,9.86,9.86
03-09-22,6.57,6.57,10.14,10.14,10.14,10.14,9.86,9.86
04-09-22,6.57,6.57,6.57,10.14,10.14,10.14,10.14,9.86
05-09-22,6.29,6.57,6.57,6.57,10.14,10.14,10.14,10.14
06-09-22,6.57,6.29,6.57,6.57,6.57,10.14,10.14,10.14
07-09-22,6.57,6.57,6.29,6.57,6.57,6.57,10.14,10.14
08-09-22,6.57,6.57,6.57,6.29,6.57,6.57,6.57,10.14
09-09-22,5.86,6.57,6.57,6.57,6.29,6.57,6.57,6.57
10-09-22,5.86,5.86,6.57,6.57,6.57,6.29,6.57,6.57
11-09-22,5.86,5.86,5.86,6.57,6.57,6.57,6.29,6.57
12-09-22,5.86,5.86,5.86,5.86,6.57,6.57,6.57,6.29
13-09-22,5.57,5.86,5.86,5.86,5.86,6.57,6.57,6.57
14-09-22,5.57,5.57,5.86,5.86,5.86,5.86,6.57,6.57
15-09-22,5.86,5.57,5.57,5.86,5.86,5.86,5.86,6.57
16-09-22,10.29,5.86,5.57,5.57,5.86,5.86,5.86,5.86
17-09-22,10.29,10.29,5.86,5.57,5.57,5.86,5.86,5.86
18-09-22,10.29,10.29,10.29,5.86,5.57,5.57,5.86,5.86
19-09-22,10.29,10.29,10.29,10.29,5.86,5.57,5.57,5.86
20-09-22,10.29,10.29,10.29,10.29,10.29,5.86,5.57,5.57
21-09-22,10.43,10.29,10.29,10.29,10.29,10.29,5.86,5.57
22-09-22,10.14,10.43,10.29,10.29,10.29,10.29,10.29,5.86
23-09-22,10.57,10.14,10.43,10.29,10.29,10.29,10.29,10.29
24-09-22,10.57,10.57,10.14,10.43,10.29,10.29,10.29,10.29
25-09-22,10.57,10.57,10.57,10.14,10.43,10.29,10.29,10.29
26-09-22,10.57,10.57,10.57,10.57,10.14,10.43,10.29,10.29
27-09-22,10.71,10.57,10.57,10.57,10.57,10.14,10.43,10.29
28-09-22,10.57,10.71,10.57,10.57,10.57,10.57,10.14,10.43
29-09-22,10.57,10.57,10.71,10.57,10.57,10.57,10.57,10.14
30-09-22,4.57,10.57,10.57,10.71,10.57,10.57,10.57,10.57
01-10-22,6.0,4.57,10.57,10.57,10.71,10.57,10.57,10.57
02-10-22,6.0,6.0,4.57,10.57,10.57,10.71,10.57,10.57
03-10-22,6.0,6.0,6.0,4.57,10.57,10.57,10.71,10.57
04-10-22,5.86,6.0,6.0,6.0,4.57,10.57,10.57,10.71
05-10-22,5.86,5.86,6.0,6.0,6.0,4.57,10.57,10.57
06-10-22,5.86,5.86,5.86,6.0,6.0,6.0,4.57,10.57
07-10-22,12.29,5.86,5.86,5.86,6.0,6.0,6.0,4.57
08-10-22,10.86,12.29,5.86,5.86,5.86,6.0,6.0,6.0
09-10-22,10.86,10.86,12.29,5.86,5.86,5.86,6.0,6.0
10-10-22,10.86,10.86,10.86,12.29,5.86,5.86,5.86,6.0
11-10-22,10.86,10.86,10.86,10.86,12.29,5.86,5.86,5.86
12-10-22,10.86,10.86,10.86,10.86,10.86,12.29,5.86,5.86
13-10-22,10.86,10.86,10.86,10.86,10.86,10.86,12.29,5.86
14-10-22,5.0,10.86,10.86,10.86,10.86,10.86,10.86,12.29
15-10-22,5.0,5.0,10.86,10.86,10.86,10.86,10.86,10.86
16-10-22,5.0,5.0,5.0,10.86,10.86,10.86,10.86,10.86
17-10-22,5.0,5.0,5.0,5.0,10.86,10.86,10.86,10.86
18-10-22,5.0,5.0,5.0,5.0,5.0,10.86,10.86,10.86
19-10-22,5.14,5.0,5.0,5.0,5.0,5.0,10.86,10.86
20-10-22,5.14,5.14,5.0,5.0,5.0,5.0,5.0,10.86
21-10-22,6.71,5.14,5.14,5.0,5.0,5.0,5.0,5.0
22-10-22,6.71,6.71,5.14,5.14,5.0,5.0,5.0,5.0
23-10-22,6.71,6.71,6.71,5.14,5.14,5.0,5.0,5.0
24-10-22,6.71,6.71,6.71,6.71,5.14,5.14,5.0,5.0
25-10-22,6.71,6.71,6.71,6.71,6.71,5.14,5.14,5.0
26-10-22,6.57,6.71,6.71,6.71,6.71,6.71,5.14,5.14
27-10-22,6.57,6.57,6.71,6.71,6.71,6.71,6.71,5.14
28-10-22,4.0,6.57,6.57,6.71,6.71,6.71,6.71,6.71
29-10-22,4.0,4.0,6.57,6.57,6.71,6.71,6.71,6.71
30-10-22,4.0,4.0,4.0,6.57,6.57,6.71,6.71,6.71
31-10-22,4.0,4.0,4.0,4.0,6.57,6.57,6.71,6.71
01-11-22,4.0,4.0,4.0,4.0,4.0,6.57,6.57,6.71
02-11-22,4.0,4.0,4.0,4.0,4.0,4.0,6.57,6.57
03-11-22,4.0,4.0,4.0,4.0,4.0,4.0,4.0,6.57
04-11-22,3.0,4.0,4.0,4.0,4.0,4.0,4.0,4.0
05-11-22,3.0,3.0,4.0,4.0,4.0,4.0,4.0,4.0
06-11-22,3.0,3.0,3.0,4.0,4.0,4.0,4.0,4.0
07-11-22,3.0,3.0,3.0,3.0,4.0,4.0,4.0,4.0
08-11-22,3.0,3.0,3.0,3.0,3.0,4.0,4.0,4.0
09-11-22,3.0,3.0,3.0,3.0,3.0,3.0,4.0,4.0
10-11-22,3.0,3.0,3.0,3.0,3.0,3.0,3.0,4.0
11-11-22,3.14,3.0,3.0,3.0,3.0,3.0,3.0,3.0
12-11-22,3.14,3.14,3.0,3.0,3.0,3.0,3.0,3.0
13-11-22,3.14,3.14,3.14,3.0,3.0,3.0,3.0,3.0
14-11-22,3.14,3.14,3.14,3.14,3.0,3.0,3.0,3.0
15-11-22,3.14,3.14,3.14,3.14,3.14,3.0,3.0,3.0
16-11-22,3.14,3.14,3.14,3.14,3.14,3.14,3.0,3.0
17-11-22,3.14,3.14,3.14,3.14,3.14,3.14,3.14,3.0
18-11-22,3.57,3.14,3.14,3.14,3.14,3.14,3.14,3.14
19-11-22,3.57,3.57,3.14,3.14,3.14,3.14,3.14,3.14
20-11-22,3.57,3.57,3.57,3.14,3.14,3.14,3.14,3.14
21-11-22,3.57,3.57,3.57,3.57,3.14,3.14,3.14,3.14
22-11-22,3.57,3.57,3.57,3.57,3.57,3.14,3.14,3.14
23-11-22,3.57,3.57,3.57,3.57,3.57,3.57,3.14,3.14
24-11-22,3.57,3.57,3.57,3.57,3.57,3.57,3.57,3.14
25-11-22,5.0,3.57,3.57,3.57,3.57,3.57,3.57,3.57
26-11-22,5.0,5.0,3.57,3.57,3.57,3.57,3.57,3.57
27-11-22,5.0,5.0,5.0,3.57,3.57,3.57,3.57,3.57
28-11-22,5.0,5.0,5.0,5.0,3.57,3.57,3.57,3.57
29-11-22,5.0,5.0,5.0,5.0,5.0,3.57,3.57,3.57
30-11-22,5.0,5.0,5.0,5.0,5.0,5.0,3.57,3.57
01-12-22,5.0,5.0,5.0,5.0,5.0,5.0,5.0,3.57
02-12-22,6.14,5.0,5.0,5.0,5.0,5.0,5.0,5.0
03-12-22,6.14,6.14,5.0,5.0,5.0,5.0,5.0,5.0
04-12-22,6.14,6.14,6.14,5.0,5.0,5.0,5.0,5.0
05-12-22,6.14,6.14,6.14,6.14,5.0,5.0,5.0,5.0
06-12-22,6.14,6.14,6.14,6.14,6.14,5.0,5.0,5.0
07-12-22,6.14,6.14,6.14,6.14,6.14,6.14,5.0,5.0
08-12-22,6.14,6.14,6.14,6.14,6.14,6.14,6.14,5.0
09-12-22,4.86,6.14,6.14,6.14,6.14,6.14,6.14,6.14
10-12-22,4.86,4.86,6.14,6.14,6.14,6.14,6.14,6.14
11-12-22,4.86,4.86,4.86,6.14,6.14,6.14,6.14,6.14
12-12-22,5.0,4.86,4.86,4.86,6.14,6.14,6.14,6.14
13-12-22,5.0,5.0,4.86,4.86,4.86,6.14,6.14,6.14
14-12-22,5.0,5.0,5.0,4.86,4.86,4.86,6.14,6.14
15-12-22,5.0,5.0,5.0,5.0,4.86,4.86,4.86,6.14
16-12-22,1.86,5.0,5.0,5.0,5.0,4.86,4.86,4.86
17-12-22,1.86,1.86,5.0,5.0,5.0,5.0,4.86,4.86
18-12-22,1.86,1.86,1.86,5.0,5.0,5.0,5.0,4.86
19-12-22,1.71,1.86,1.86,1.86,5.0,5.0,5.0,5.0
20-12-22,1.71,1.71,1.86,1.86,1.86,5.0,5.0,5.0
21-12-22,1.71,1.71,1.71,1.86,1.86,1.86,5.0,5.0
22-12-22,1.71,1.71,1.71,1.71,1.86,1.86,1.86,5.0
23-12-22,1.43,1.71,1.71,1.71,1.71,1.86,1.86,1.86
24-12-22,1.43,1.43,1.71,1.71,1.71,1.71,1.86,1.86
25-12-22,1.43,1.43,1.43,1.71,1.71,1.71,1.71,1.86
26-12-22,1.43,1.43,1.43,1.43,1.71,1.71,1.71,1.71
27-12-22,1.43,1.43,1.43,1.43,1.43,1.71,1.71,1.71
28-12-22,1.43,1.43,1.43,1.43,1.43,1.43,1.71,1.71
29-12-22,1.43,1.43,1.43,1.43,1.43,1.43,1.43,1.71
30-12-22,1.14,1.43,1.43,1.43,1.43,1.43,1.43,1.43
31-12-22,1.14,1.14,1.43,1.43,1.43,1.43,1.43,1.43
01-01-23,1.14,1.14,1.14,1.43,1.43,1.43,1.43,1.43
02-01-23,1.14,1.14,1.14,1.14,1.43,1.43,1.43,1.43
03-01-23,1.14,1.14,1.14,1.14,1.14,1.43,1.43,1.43
04-01-23,1.14,1.14,1.14,1.14,1.14,1.14,1.43,1.43
05-01-23,1.14,1.14,1.14,1.14,1.14,1.14,1.14,1.43
06-01-23,6.0,1.14,1.14,1.14,1.14,1.14,1.14,1.14
07-01-23,6.0,6.0,1.14,1.14,1.14,1.14,1.14,1.14
08-01-23,6.0,6.0,6.0,1.14,1.14,1.14,1.14,1.14
09-01-23,6.0,6.0,6.0,6.0,1.14,1.14,1.14,1.14
10-01-23,6.29,6.0,6.0,6.0,6.0,1.14,1.14,1.14
11-01-23,6.29,6.29,6.0,6.0,6.0,6.0,1.14,1.14
12-01-23,6.29,6.29,6.29,6.0,6.0,6.0,6.0,1.14
13-01-23,4.14,6.29,6.29,6.29,6.0,6.0,6.0,6.0
14-01-23,4.14,4.14,6.29,6.29,6.29,6.0,6.0,6.0
15-01-23,4.14,4.14,4.14,6.29,6.29,6.29,6.0,6.0
16-01-23,4.14,4.14,4.14,4.14,6.29,6.29,6.29,6.0
17-01-23,3.86,4.14,4.14,4.14,4.14,6.29,6.29,6.29
18-01-23,3.86,3.86,4.14,4.14,4.14,4.14,6.29,6.29
19-01-23,3.86,3.86,3.86,4.14,4.14,4.14,4.14,6.29
20-01-23,5.0,3.86,3.86,3.86,4.14,4.14,4.14,4.14
21-01-23,5.0,5.0,3.86,3.86,3.86,4.14,4.14,4.14
22-01-23,5.0,5.0,5.0,3.86,3.86,3.86,4.14,4.14
23-01-23,5.0,5.0,5.0,5.0,3.86,3.86,3.86,4.14
24-01-23,5.0,5.0,5.0,5.0,5.0,3.86,3.86,3.86
25-01-23,5.0,5.0,5.0,5.0,5.0,5.0,3.86,3.86
26-01-23,5.0,5.0,5.0,5.0,5.0,5.0,5.0,3.86
27-01-23,3.86,5.0,5.0,5.0,5.0,5.0,5.0,5.0
28-01-23,3.86,3.86,5.0,5.0,5.0,5.0,5.0,5.0
29-01-23,3.86,3.86,3.86,5.0,5.0,5.0,5.0,5.0
30-01-23,3.86,3.86,3.86,3.86,5.0,5.0,5.0,5.0
31-01-23,4.0,3.86,3.86,3.86,3.86,5.0,5.0,5.0
01-02-23,4.0,4.0,3.86,3.86,3.86,3.86,5.0,5.0
02-02-23,4.0,4.0,4.0,3.86,3.86,3.86,3.86,5.0
03-02-23,2.57,4.0,4.0,4.0,3.86,3.86,3.86,3.86
04-02-23,2.57,2.57,4.0,4.0,4.0,3.86,3.86,3.86
05-02-23,2.57,2.57,2.57,4.0,4.0,4.0,3.86,3.86
06-02-23,2.57,2.57,2.57,2.57,4.0,4.0,4.0,3.86
07-02-23,2.43,2.57,2.57,2.57,2.57,4.0,4.0,4.0
08-02-23,2.43,2.43,2.57,2.57,2.57,2.57,4.0,4.0
09-02-23,2.43,2.43,2.43,2.57,2.57,2.57,2.57,4.0
10-02-23,0.86,2.43,2.43,2.43,2.57,2.57,2.57,2.57
11-02-23,0.86,0.86,2.43,2.43,2.43,2.57,2.57,2.57
12-02-23,0.86,0.86,0.86,2.43,2.43,2.43,2.57,2.57
13-02-23,0.86,0.86,0.86,0.86,2.43,2.43,2.43,2.57
14-02-23,0.86,0.86,0.86,0.86,0.86,2.43,2.43,2.43
15-02-23,0.86,0.86,0.86,0.86,0.86,0.86,2.43,2.43
16-02-23,0.86,0.86,0.86,0.86,0.86,0.86,0.86,2.43
17-02-23,5.86,0.86,0.86,0.86,0.86,0.86,0.86,0.86
18-02-23,5.86,5.86,0.86,0.86,0.86,0.86,0.86,0.86
19-02-23,5.86,5.86,5.86,0.86,0.86,0.86,0.86,0.86
20-02-23,5.86,5.86,5.86,5.86,0.86,0.86,0.86,0.86
21-02-23,5.86,5.86,5.86,5.86,5.86,0.86,0.86,0.86
22-02-23,5.86,5.86,5.86,5.86,5.86,5.86,0.86,0.86
23-02-23,5.86,5.86,5.86,5.86,5.86,5.86,5.86,0.86
24-02-23,0.71,5.86,5.86,5.86,5.86,5.86,5.86,5.86
25-02-23,0.71,0.71,5.86,5.86,5.86,5.86,5.86,5.86
26-02-23,0.71,0.71,0.71,5.86,5.86,5.86,5.86,5.86
27-02-23,0.71,0.71,0.71,0.71,5.86,5.86,5.86,5.86
28-02-23,0.71,0.71,0.71,0.71,0.71,5.86,5.86,5.86
01-03-23,0.71,0.71,0.71,0.71,0.71,0.71,5.86,5.86
02-03-23,0.71,0.71,0.71,0.71,0.71,0.71,0.71,5.86
03-03-23,3.43,0.71,0.71,0.71,0.71,0.71,0.71,0.71
04-03-23,3.43,3.43,0.71,0.71,0.71,0.71,0.71,0.71
05-03-23,3.43,3.43,3.43,0.71,0.71,0.71,0.71,0.71
06-03-23,3.43,3.43,3.43,3.43,0.71,0.71,0.71,0.71
07-03-23,3.43,3.43,3.43,3.43,3.43,0.71,0.71,0.71
08-03-23,3.43,3.43,3.43,3.43,3.43,3.43,0.71,0.71
09-03-23,3.43,3.43,3.43,3.43,3.43,3.43,3.43,0.71
10-03-23,1.29,3.43,3.43,3.43,3.43,3.43,3.43,3.43
11-03-23,1.29,1.29,3.43,3.43,3.43,3.43,3.43,3.43
12-03-23,1.29,1.29,1.29,3.43,3.43,3.43,3.43,3.43
13-03-23,1.29,1.29,1.29,1.29,3.43,3.43,3.43,3.43
14-03-23,1.29,1.29,1.29,1.29,1.29,3.43,3.43,3.43
15-03-23,1.29,1.29,1.29,1.29,1.29,1.29,3.43,3.43
16-03-23,1.29,1.29,1.29,1.29,1.29,1.29,1.29,3.43
17-03-23,1.57,1.29,1.29,1.29,1.29,1.29,1.29,1.29
18-03-23,1.57,1.57,1.29,1.29,1.29,1.29,1.29,1.29
19-03-23,1.57,1.57,1.57,1.29,1.29,1.29,1.29,1.29
20-03-23,1.57,1.57,1.57,1.57,1.29,1.29,1.29,1.29
21-03-23,1.57,1.57,1.57,1.57,1.57,1.29,1.29,1.29
22-03-23,1.57,1.57,1.57,1.57,1.57,1.57,1.29,1.29
23-03-23,1.57,1.57,1.57,1.57,1.57,1.57,1.57,1.29
24-03-23,1.71,1.57,1.57,1.57,1.57,1.57,1.57,1.57
25-03-23,1.71,1.71,1.57,1.57,1.57,1.57,1.57,1.57
26-03-23,1.71,1.71,1.71,1.57,1.57,1.57,1.57,1.57
27-03-23,1.71,1.71,1.71,1.71,1.57,1.57,1.57,1.57
28-03-23,1.71,1.71,1.71,1.71,1.71,1.57,1.57,1.57
29-03-23,1.71,1.71,1.71,1.71,1.71,1.71,1.57,1.57
30-03-23,1.71,1.71,1.71,1.71,1.71,1.71,1.71,1.57
31-03-23,0.86,1.71,1.71,1.71,1.71,1.71,1.71,1.71
01-04-23,0.86,0.86,1.71,1.71,1.71,1.71,1.71,1.71
02-04-23,0.86,0.86,0.86,1.71,1.71,1.71,1.71,1.71
03-04-23,0.86,0.86,0.86,0.86,1.71,1.71,1.71,1.71
04-04-23,0.86,0.86,0.86,0.86,0.86,1.71,1.71,1.71
05-04-23,1.0,0.86,0.86,0.86,0.86,0.86,1.71,1.71
06-04-23,1.0,1.0,0.86,0.86,0.86,0.86,0.86,1.71
07-04-23,9.43,1.0,1.0,0.86,0.86,0.86,0.86,0.86
08-04-23,9.43,9.43,1.0,1.0,0.86,0.86,0.86,0.86
09-04-23,9.43,9.43,9.43,1.0,1.0,0.86,0.86,0.86
10-04-23,9.43,9.43,9.43,9.43,1.0,1.0,0.86,0.86
11-04-23,9.43,9.43,9.43,9.43,9.43,1.0,1.0,0.86
12-04-23,9.29,9.43,9.43,9.43,9.43,9.43,1.0,1.0
13-04-23,9.29,9.29,9.43,9.43,9.43,9.43,9.43,1.0
14-04-23,5.71,9.29,9.29,9.43,9.43,9.43,9.43,9.43
15-04-23,5.71,5.71,9.29,9.29,9.43,9.43,9.43,9.43
16-04-23,5.71,5.71,5.71,9.29,9.29,9.43,9.43,9.43
17-04-23,5.71,5.71,5.71,5.71,9.29,9.29,9.43,9.43
18-04-23,5.71,5.71,5.71,5.71,5.71,9.29,9.29,9.43
19-04-23,5.71,5.71,5.71,5.71,5.71,5.71,9.29,9.29
20-04-23,5.71,5.71,5.71,5.71,5.71,5.71,5.71,9.29
21-04-23,0.43,5.71,5.71,5.71,5.71,5.71,5.71,5.71
22-04-23,0.43,0.43,5.71,5.71,5.71,5.71,5.71,5.71
23-04-23,0.43,0.43,0.43,5.71,5.71,5.71,5.71,5.71
24-04-23,0.43,0.43,0.43,0.43,5.71,5.71,5.71,5.71
25-04-23,0.43,0.43,0.43,0.43,0.43,5.71,5.71,5.71
26-04-23,0.43,0.43,0.43,0.43,0.43,0.43,5.71,5.71
27-04-23,0.43,0.43,0.43,0.43,0.43,0.43,0.43,5.71
28-04-23,0.29,0.43,0.43,0.43,0.43,0.43,0.43,0.43
29-04-23,0.29,0.29,0.43,0.43,0.43,0.43,0.43,0.43
30-04-23,0.29,0.29,0.29,0.43,0.43,0.43,0.43,0.43
01-05-23,0.29,0.29,0.29,0.29,0.43,0.43,0.43,0.43
02-05-23,0.29,0.29,0.29,0.29,0.29,0.43,0.43,0.43
03-05-23,0.29,0.29,0.29,0.29,0.29,0.29,0.43,0.43
04-05-23,0.29,0.29,0.29,0.29,0.29,0.29,0.29,0.43
05-05-23,7.0,0.29,0.29,0.29,0.29,0.29,0.29,0.29
06-05-23,7.0,7.0,0.29,0.29,0.29,0.29,0.29,0.29
07-05-23,7.0,7.0,7.0,0.29,0.29,0.29,0.29,0.29
08-05-23,7.0,7.0,7.0,7.0,0.29,0.29,0.29,0.29
09-05-23,7.0,7.0,7.0,7.0,7.0,0.29,0.29,0.29
10-05-23,7.0,7.0,7.0,7.0,7.0,7.0,0.29,0.29
11-05-23,7.0,7.0,7.0,7.0,7.0,7.0,7.0,0.29
12-05-23,4.86,7.0,7.0,7.0,7.0,7.0,7.0,7.0
13-05-23,4.86,4.86,7.0,7.0,7.0,7.0,7.0,7.0
14-05-23,4.86,4.86,4.86,7.0,7.0,7.0,7.0,7.0
15-05-23,4.86,4.86,4.86,4.86,7.0,7.0,7.0,7.0
16-05-23,4.86,4.86,4.86,4.86,4.86,7.0,7.0,7.0
17-05-23,4.86,4.86,4.86,4.86,4.86,4.86,7.0,7.0
18-05-23,4.86,4.86,4.86,4.86,4.86,4.86,4.86,7.0
19-05-23,3.14,4.86,4.86,4.86,4.86,4.86,4.86,4.86
20-05-23,3.14,3.14,4.86,4.86,4.86,4.86,4.86,4.86
21-05-23,3.14,3.14,3.14,4.86,4.86,4.86,4.86,4.86
22-05-23,3.14,3.14,3.14,3.14,4.86,4.86,4.86,4.86
23-05-23,3.14,3.14,3.14,3.14,3.14,4.86,4.86,4.86
24-05-23,3.14,3.14,3.14,3.14,3.14,3.14,4.86,4.86
25-05-23,3.14,3.14,3.14,3.14,3.14,3.14,3.14,4.86
26-05-23,0.43,3.14,3.14,3.14,3.14,3.14,3.14,3.14
27-05-23,0.43,0.43,3.14,3.14,3.14,3.14,3.14,3.14
28-05-23,0.43,0.43,0.43,3.14,3.14,3.14,3.14,3.14
29-05-23,0.43,0.43,0.43,0.43,3.14,3.14,3.14,3.14
30-05-23,0.43,0.43,0.43,0.43,0.43,3.14,3.14,3.14
31-05-23,0.43,0.43,0.43,0.43,0.43,0.43,3.14,3.14
01-06-23,0.43,0.43,0.43,0.43,0.43,0.43,0.43,3.14
02-06-23,4.57,0.43,0.43,0.43,0.43,0.43,0.43,0.43
03-06-23,4.57,4.57,0.43,0.43,0.43,0.43,0.43,0.43
04-06-23,4.57,4.57,4.57,0.43,0.43,0.43,0.43,0.43
05-06-23,4.57,4.57,4.57,4.57,0.43,0.43,0.43,0.43
06-06-23,4.57,4.57,4.57,4.57,4.57,0.43,0.43,0.43
07-06-23,4.57,4.57,4.57,4.57,4.57,4.57,0.43,0.43
08-06-23,4.57,4.57,4.57,4.57,4.57,4.57,4.57,0.43
09-06-23,1.43,4.57,4.57,4.57,4.57,4.57,4.57,4.57
10-06-23,1.43,1.43,4.57,4.57,4.57,4.57,4.57,4.57
11-06-23,1.43,1.43,1.43,4.57,4.57,4.57,4.57,4.57
12-06-23,1.43,1.43,1.43,1.43,4.57,4.57,4.57,4.57
13-06-23,1.43,1.43,1.43,1.43,1.43,4.57,4.57,4.57
14-06-23,1.43,1.43,1.43,1.43,1.43,1.43,4.57,4.57
15-06-23,1.43,1.43,1.43,1.43,1.43,1.43,1.43,4.57
16-06-23,3.57,1.43,1.43,1.43,1.43,1.43,1.43,1.43
17-06-23,3.57,3.57,1.43,1.43,1.43,1.43,1.43,1.43
18-06-23,3.57,3.57,3.57,1.43,1.43,1.43,1.43,1.43
19-06-23,3.57,3.57,3.57,3.57,1.43,1.43,1.43,1.43
20-06-23,3.57,3.57,3.57,3.57,3.57,1.43,1.43,1.43
21-06-23,3.57,3.57,3.57,3.57,3.57,3.57,1.43,1.43
22-06-23,3.57,3.57,3.57,3.57,3.57,3.57,3.57,1.43
23-06-23,5.0,3.57,3.57,3.57,3.57,3.57,3.57,3.57
24-06-23,5.0,5.0,3.57,3.57,3.57,3.57,3.57,3.57
25-06-23,5.0,5.0,5.0,3.57,3.57,3.57,3.57,3.57
26-06-23,5.0,5.0,5.0,5.0,3.57,3.57,3.57,3.57
27-06-23,5.0,5.0,5.0,5.0,5.0,3.57,3.57,3.57
28-06-23,5.0,5.0,5.0,5.0,5.0,5.0,3.57,3.57
29-06-23,5.0,5.0,5.0,5.0,5.0,5.0,5.0,3.57
30-06-23,3.57,5.0,5.0,5.0,5.0,5.0,5.0,5.0
01-07-23,3.57,3.57,5.0,5.0,5.0,5.0,5.0,5.0
02-07-23,3.57,3.57,3.57,5.0,5.0,5.0,5.0,5.0
03-07-23,3.57,3.57,3.57,3.57,5.0,5.0,5.0,5.0
04-07-23,3.57,3.57,3.57,3.57,3.57,5.0,5.0,5.0
05-07-23,3.57,3.57,3.57,3.57,3.57,3.57,5.0,5.0
06-07-23,3.57,3.57,3.57,3.57,3.57,3.57,3.57,5.0
07-07-23,4.29,3.57,3.57,3.57,3.57,3.57,3.57,3.57
08-07-23,4.29,4.29,3.57,3.57,3.57,3.57,3.57,3.57
09-07-23,4.29,4.29,4.29,3.57,3.57,3.57,3.57,3.57
10-07-23,4.29,4.29,4.29,4.29,3.57,3.57,3.57,3.57
11-07-23,4.29,4.29,4.29,4.29,4.29,3.57,3.57,3.57
12-07-23,4.29,4.29,4.29,4.29,4.29,4.29,3.57,3.57
13-07-23,4.29,4.29,4.29,4.29,4.29,4.29,4.29,3.57
14-07-23,6.43,4.29,4.29,4.29,4.29,4.29,4.29,4.29
15-07-23,6.43,6.43,4.29,4.29,4.29,4.29,4.29,4.29
16-07-23,6.43,6.43,6.43,4.29,4.29,4.29,4.29,4.29
17-07-23,6.43,6.43,6.43,6.43,4.29,4.29,4.29,4.29
18-07-23,6.43,6.43,6.43,6.43,6.43,4.29,4.29,4.29
19-07-23,6.43,6.43,6.43,6.43,6.43,6.43,4.29,4.29
20-07-23,6.43,6.43,6.43,6.43,6.43,6.43,6.43,4.29
21-07-23,0.0,6.43,6.43,6.43,6.43,6.43,6.43,6.43
22-07-23,0.0,0.0,6.43,6.43,6.43,6.43,6.43,6.43
23-07-23,0.0,0.0,0.0,6.43,6.43,6.43,6.43,6.43
24-07-23,0.0,0.0,0.0,0.0,6.43,6.43,6.43,6.43
25-07-23,0.0,0.0,0.0,0.0,0.0,6.43,6.43,6.43
26-07-23,0.0,0.0,0.0,0.0,0.0,0.0,6.43,6.43
27-07-23,0.0,0.0,0.0,0.0,0.0,0.0,0.0,6.43
28-07-23,0.0,0.0,0.0,0.0,0.0,0.0,0.0,0.0
29-07-23,0.0,0.0,0.0,0.0,0.0,0.0,0.0,0.0
30-07-23,0.0,0.0,0.0,0.0,0.0,0.0,0.0,0.0
31-07-23,0.0,0.0,0.0,0.0,0.0,0.0,0.0,0.0
01-08-23,0.0,0.0,0.0,0.0,0.0,0.0,0.0,0.0
02-08-23,0.0,0.0,0.0,0.0,0.0,0.0,0.0,0.0
03-08-23,0.0,0.0,0.0,0.0,0.0,0.0,0.0,0.0
04-08-23,0.0,0.0,0.0,0.0,0.0,0.0,0.0,0.0
